﻿<?xml version="1.0" encoding="utf-8"?>
<Structure UniqueProcessors="True">
  <StructureFlowList>
    <ManipulatorStructure.DisplayNode CurrentValue="305419896" TargetValue="" CurrentValueIsReadOnly="True" TargetValueIsReadOnly="True" />
    <ManipulatorStructure.ProcessorNode ID=" " ReadOnly="False" />
    <ManipulatorStructure.DisplayNode CurrentValue="" TargetValue="2014458966" CurrentValueIsReadOnly="True" TargetValueIsReadOnly="True" />
    <ManipulatorStructure.ProcessorNode ID=" " ReadOnly="False" />
    <ManipulatorStructure.DisplayNode CurrentValue="" TargetValue="808464432" CurrentValueIsReadOnly="True" TargetValueIsReadOnly="True" />
    <ManipulatorStructure.ProcessorNode ID=" " ReadOnly="False" />
    <ManipulatorStructure.DisplayNode CurrentValue="" TargetValue="3486502863" CurrentValueIsReadOnly="True" TargetValueIsReadOnly="True" />
    <ManipulatorStructure.ProcessorNode ID=" " ReadOnly="False" />
    <ManipulatorStructure.ProcessorNode ID=" " ReadOnly="False" />
    <ManipulatorStructure.DisplayNode CurrentValue="" TargetValue="67372043" CurrentValueIsReadOnly="True" TargetValueIsReadOnly="True" />
    <ManipulatorStructure.ProcessorNode ID=" " ReadOnly="False" />
    <ManipulatorStructure.ProcessorNode ID=" " ReadOnly="False" />
    <ManipulatorStructure.ProcessorNode ID=" " ReadOnly="False" />
    <ManipulatorStructure.DisplayNode CurrentValue="" TargetValue="178823178" CurrentValueIsReadOnly="True" TargetValueIsReadOnly="True" />
  </StructureFlowList>
</Structure>